date,10y_treasury_rate
1/1/2011,0.033
1/2/2011,0.033
1/3/2011,0.0336
1/4/2011,0.0336
1/5/2011,0.035
1/6/2011,0.0344
1/7/2011,0.0334
1/8/2011,0.0334
1/9/2011,0.0334
1/10/2011,0.0332
1/11/2011,0.0337
1/12/2011,0.034
1/13/2011,0.0334
1/14/2011,0.0335
1/15/2011,0.0335
1/16/2011,0.0335
1/17/2011,0.0335
1/18/2011,0.0339
1/19/2011,0.0337
1/20/2011,0.0347
1/21/2011,0.0344
1/22/2011,0.0344
1/23/2011,0.0344
1/24/2011,0.0343
1/25/2011,0.0335
1/26/2011,0.0345
1/27/2011,0.0342
1/28/2011,0.0336
1/29/2011,0.0336
1/30/2011,0.0336
1/31/2011,0.0342
2/1/2011,0.0348
2/2/2011,0.0352
2/3/2011,0.0358
2/4/2011,0.0368
2/5/2011,0.0368
2/6/2011,0.0368
2/7/2011,0.0368
2/8/2011,0.0375
2/9/2011,0.0365
2/10/2011,0.037
2/11/2011,0.0364
2/12/2011,0.0364
2/13/2011,0.0364
2/14/2011,0.0362
2/15/2011,0.0361
2/16/2011,0.0362
2/17/2011,0.0358
2/18/2011,0.0359
2/19/2011,0.0359
2/20/2011,0.0359
2/21/2011,0.0359
2/22/2011,0.0346
2/23/2011,0.0349
2/24/2011,0.0346
2/25/2011,0.0342
2/26/2011,0.0342
2/27/2011,0.0342
2/28/2011,0.0342
3/1/2011,0.0341
3/2/2011,0.0346
3/3/2011,0.0358
3/4/2011,0.0349
3/5/2011,0.0349
3/6/2011,0.0349
3/7/2011,0.0351
3/8/2011,0.0356
3/9/2011,0.0348
3/10/2011,0.0337
3/11/2011,0.034
3/12/2011,0.034
3/13/2011,0.034
3/14/2011,0.0336
3/15/2011,0.0333
3/16/2011,0.0322
3/17/2011,0.0325
3/18/2011,0.0328
3/19/2011,0.0328
3/20/2011,0.0328
3/21/2011,0.0334
3/22/2011,0.0334
3/23/2011,0.0336
3/24/2011,0.0342
3/25/2011,0.0346
3/26/2011,0.0346
3/27/2011,0.0346
3/28/2011,0.0347
3/29/2011,0.035
3/30/2011,0.0347
3/31/2011,0.0347
4/1/2011,0.0346
4/2/2011,0.0346
4/3/2011,0.0346
4/4/2011,0.0345
4/5/2011,0.035
4/6/2011,0.0356
4/7/2011,0.0358
4/8/2011,0.0359
4/9/2011,0.0359
4/10/2011,0.0359
4/11/2011,0.0359
4/12/2011,0.0352
4/13/2011,0.0349
4/14/2011,0.0351
4/15/2011,0.0343
4/16/2011,0.0343
4/17/2011,0.0343
4/18/2011,0.034
4/19/2011,0.0339
4/20/2011,0.0343
4/21/2011,0.0342
4/22/2011,0.0342
4/23/2011,0.0342
4/24/2011,0.0342
4/25/2011,0.0339
4/26/2011,0.0334
4/27/2011,0.0339
4/28/2011,0.0334
4/29/2011,0.0332
4/30/2011,0.0332
5/1/2011,0.0332
5/2/2011,0.0331
5/3/2011,0.0328
5/4/2011,0.0325
5/5/2011,0.0318
5/6/2011,0.0319
5/7/2011,0.0319
5/8/2011,0.0319
5/9/2011,0.0317
5/10/2011,0.0323
5/11/2011,0.0319
5/12/2011,0.0322
5/13/2011,0.0318
5/14/2011,0.0318
5/15/2011,0.0318
5/16/2011,0.0315
5/17/2011,0.0312
5/18/2011,0.0318
5/19/2011,0.0317
5/20/2011,0.0315
5/21/2011,0.0315
5/22/2011,0.0315
5/23/2011,0.0313
5/24/2011,0.0312
5/25/2011,0.0313
5/26/2011,0.0307
5/27/2011,0.0307
5/28/2011,0.0307
5/29/2011,0.0307
5/30/2011,0.0307
5/31/2011,0.0305
6/1/2011,0.0296
6/2/2011,0.0304
6/3/2011,0.0299
6/4/2011,0.0299
6/5/2011,0.0299
6/6/2011,0.0301
6/7/2011,0.0301
6/8/2011,0.0298
6/9/2011,0.0301
6/10/2011,0.0299
6/11/2011,0.0299
6/12/2011,0.0299
6/13/2011,0.03
6/14/2011,0.0311
6/15/2011,0.0298
6/16/2011,0.0293
6/17/2011,0.0294
6/18/2011,0.0294
6/19/2011,0.0294
6/20/2011,0.0297
6/21/2011,0.0299
6/22/2011,0.0301
6/23/2011,0.0293
6/24/2011,0.0288
6/25/2011,0.0288
6/26/2011,0.0288
6/27/2011,0.0295
6/28/2011,0.0305
6/29/2011,0.0314
6/30/2011,0.0318
7/1/2011,0.0322
7/2/2011,0.0322
7/3/2011,0.0322
7/4/2011,0.0322
7/5/2011,0.0316
7/6/2011,0.0312
7/7/2011,0.0317
7/8/2011,0.0303
7/9/2011,0.0303
7/10/2011,0.0303
7/11/2011,0.0294
7/12/2011,0.0292
7/13/2011,0.0292
7/14/2011,0.0298
7/15/2011,0.0294
7/16/2011,0.0294
7/17/2011,0.0294
7/18/2011,0.0294
7/19/2011,0.0291
7/20/2011,0.0296
7/21/2011,0.0303
7/22/2011,0.0299
7/23/2011,0.0299
7/24/2011,0.0299
7/25/2011,0.0303
7/26/2011,0.0299
7/27/2011,0.0301
7/28/2011,0.0298
7/29/2011,0.0282
7/30/2011,0.0282
7/31/2011,0.0282
8/1/2011,0.0277
8/2/2011,0.0266
8/3/2011,0.0264
8/4/2011,0.0247
8/5/2011,0.0258
8/6/2011,0.0258
8/7/2011,0.0258
8/8/2011,0.024
8/9/2011,0.022
8/10/2011,0.0217
8/11/2011,0.0234
8/12/2011,0.0224
8/13/2011,0.0224
8/14/2011,0.0224
8/15/2011,0.0229
8/16/2011,0.0223
8/17/2011,0.0217
8/18/2011,0.0208
8/19/2011,0.0207
8/20/2011,0.0207
8/21/2011,0.0207
8/22/2011,0.021
8/23/2011,0.0215
8/24/2011,0.0229
8/25/2011,0.0223
8/26/2011,0.0219
8/27/2011,0.0219
8/28/2011,0.0219
8/29/2011,0.0228
8/30/2011,0.0219
8/31/2011,0.0223
9/1/2011,0.0215
9/2/2011,0.0202
9/3/2011,0.0202
9/4/2011,0.0202
9/5/2011,0.0202
9/6/2011,0.0198
9/7/2011,0.0205
9/8/2011,0.02
9/9/2011,0.0193
9/10/2011,0.0193
9/11/2011,0.0193
9/12/2011,0.0194
9/13/2011,0.02
9/14/2011,0.0203
9/15/2011,0.0209
9/16/2011,0.0208
9/17/2011,0.0208
9/18/2011,0.0208
9/19/2011,0.0197
9/20/2011,0.0195
9/21/2011,0.0188
9/22/2011,0.0172
9/23/2011,0.0184
9/24/2011,0.0184
9/25/2011,0.0184
9/26/2011,0.0191
9/27/2011,0.02
9/28/2011,0.0203
9/29/2011,0.0199
9/30/2011,0.0192
10/1/2011,0.0192
10/2/2011,0.0192
10/3/2011,0.018
10/4/2011,0.0181
10/5/2011,0.0192
10/6/2011,0.0201
10/7/2011,0.021
10/8/2011,0.021
10/9/2011,0.021
10/10/2011,0.021
10/11/2011,0.0218
10/12/2011,0.0224
10/13/2011,0.0219
10/14/2011,0.0226
10/15/2011,0.0226
10/16/2011,0.0226
10/17/2011,0.0218
10/18/2011,0.0219
10/19/2011,0.0218
10/20/2011,0.022
10/21/2011,0.0223
10/22/2011,0.0223
10/23/2011,0.0223
10/24/2011,0.0225
10/25/2011,0.0214
10/26/2011,0.0223
10/27/2011,0.0242
10/28/2011,0.0234
10/29/2011,0.0234
10/30/2011,0.0234
10/31/2011,0.0217
11/1/2011,0.0201
11/2/2011,0.0203
11/3/2011,0.0209
11/4/2011,0.0206
11/5/2011,0.0206
11/6/2011,0.0206
11/7/2011,0.0204
11/8/2011,0.021
11/9/2011,0.02
11/10/2011,0.0204
11/11/2011,0.0204
11/12/2011,0.0204
11/13/2011,0.0204
11/14/2011,0.0204
11/15/2011,0.0206
11/16/2011,0.0201
11/17/2011,0.0196
11/18/2011,0.0201
11/19/2011,0.0201
11/20/2011,0.0201
11/21/2011,0.0197
11/22/2011,0.0194
11/23/2011,0.0189
11/24/2011,0.0189
11/25/2011,0.0197
11/26/2011,0.0197
11/27/2011,0.0197
11/28/2011,0.0197
11/29/2011,0.02
11/30/2011,0.0208
12/1/2011,0.0211
12/2/2011,0.0205
12/3/2011,0.0205
12/4/2011,0.0205
12/5/2011,0.0204
12/6/2011,0.0208
12/7/2011,0.0202
12/8/2011,0.0199
12/9/2011,0.0207
12/10/2011,0.0207
12/11/2011,0.0207
12/12/2011,0.0203
12/13/2011,0.0196
12/14/2011,0.0192
12/15/2011,0.0192
12/16/2011,0.0186
12/17/2011,0.0186
12/18/2011,0.0186
12/19/2011,0.0182
12/20/2011,0.0194
12/21/2011,0.0198
12/22/2011,0.0197
12/23/2011,0.0203
12/24/2011,0.0203
12/25/2011,0.0203
12/26/2011,0.0203
12/27/2011,0.0202
12/28/2011,0.0193
12/29/2011,0.0191
12/30/2011,0.0189
12/31/2011,0.0189
1/1/2012,0.0189
1/2/2012,0.0189
1/3/2012,0.0197
1/4/2012,0.02
1/5/2012,0.0202
1/6/2012,0.0198
1/7/2012,0.0198
1/8/2012,0.0198
1/9/2012,0.0198
1/10/2012,0.02
1/11/2012,0.0193
1/12/2012,0.0194
1/13/2012,0.0189
1/14/2012,0.0189
1/15/2012,0.0189
1/16/2012,0.0189
1/17/2012,0.0187
1/18/2012,0.0192
1/19/2012,0.0201
1/20/2012,0.0205
1/21/2012,0.0205
1/22/2012,0.0205
1/23/2012,0.0209
1/24/2012,0.0208
1/25/2012,0.0201
1/26/2012,0.0196
1/27/2012,0.0193
1/28/2012,0.0193
1/29/2012,0.0193
1/30/2012,0.0187
1/31/2012,0.0183
2/1/2012,0.0187
2/2/2012,0.0186
2/3/2012,0.0197
2/4/2012,0.0197
2/5/2012,0.0197
2/6/2012,0.0193
2/7/2012,0.02
2/8/2012,0.0201
2/9/2012,0.0204
2/10/2012,0.0196
2/11/2012,0.0196
2/12/2012,0.0196
2/13/2012,0.0199
2/14/2012,0.0192
2/15/2012,0.0193
2/16/2012,0.0199
2/17/2012,0.0201
2/18/2012,0.0201
2/19/2012,0.0201
2/20/2012,0.0201
2/21/2012,0.0205
2/22/2012,0.0201
2/23/2012,0.0199
2/24/2012,0.0198
2/25/2012,0.0198
2/26/2012,0.0198
2/27/2012,0.0192
2/28/2012,0.0194
2/29/2012,0.0198
3/1/2012,0.0203
3/2/2012,0.0199
3/3/2012,0.0199
3/4/2012,0.0199
3/5/2012,0.02
3/6/2012,0.0196
3/7/2012,0.0198
3/8/2012,0.0203
3/9/2012,0.0204
3/10/2012,0.0204
3/11/2012,0.0204
3/12/2012,0.0204
3/13/2012,0.0214
3/14/2012,0.0229
3/15/2012,0.0229
3/16/2012,0.0231
3/17/2012,0.0231
3/18/2012,0.0231
3/19/2012,0.0239
3/20/2012,0.0238
3/21/2012,0.0231
3/22/2012,0.0229
3/23/2012,0.0225
3/24/2012,0.0225
3/25/2012,0.0225
3/26/2012,0.0226
3/27/2012,0.022
3/28/2012,0.0221
3/29/2012,0.0218
3/30/2012,0.0223
3/31/2012,0.0223
4/1/2012,0.0223
4/2/2012,0.0222
4/3/2012,0.023
4/4/2012,0.0225
4/5/2012,0.0219
4/6/2012,0.0207
4/7/2012,0.0207
4/8/2012,0.0207
4/9/2012,0.0206
4/10/2012,0.0201
4/11/2012,0.0205
4/12/2012,0.0208
4/13/2012,0.0202
4/14/2012,0.0202
4/15/2012,0.0202
4/16/2012,0.02
4/17/2012,0.0203
4/18/2012,0.02
4/19/2012,0.0198
4/20/2012,0.0199
4/21/2012,0.0199
4/22/2012,0.0199
4/23/2012,0.0196
4/24/2012,0.02
4/25/2012,0.0201
4/26/2012,0.0198
4/27/2012,0.0196
4/28/2012,0.0196
4/29/2012,0.0196
4/30/2012,0.0195
5/1/2012,0.0198
5/2/2012,0.0196
5/3/2012,0.0196
5/4/2012,0.0191
5/5/2012,0.0191
5/6/2012,0.0191
5/7/2012,0.0192
5/8/2012,0.0188
5/9/2012,0.0187
5/10/2012,0.0189
5/11/2012,0.0184
5/12/2012,0.0184
5/13/2012,0.0184
5/14/2012,0.0178
5/15/2012,0.0176
5/16/2012,0.0176
5/17/2012,0.017
5/18/2012,0.0171
5/19/2012,0.0171
5/20/2012,0.0171
5/21/2012,0.0175
5/22/2012,0.0179
5/23/2012,0.0173
5/24/2012,0.0177
5/25/2012,0.0175
5/26/2012,0.0175
5/27/2012,0.0175
5/28/2012,0.0175
5/29/2012,0.0174
5/30/2012,0.0163
5/31/2012,0.0159
6/1/2012,0.0147
6/2/2012,0.0147
6/3/2012,0.0147
6/4/2012,0.0153
6/5/2012,0.0157
6/6/2012,0.0166
6/7/2012,0.0166
6/8/2012,0.0165
6/9/2012,0.0165
6/10/2012,0.0165
6/11/2012,0.016
6/12/2012,0.0167
6/13/2012,0.0161
6/14/2012,0.0164
6/15/2012,0.016
6/16/2012,0.016
6/17/2012,0.016
6/18/2012,0.0159
6/19/2012,0.0164
6/20/2012,0.0165
6/21/2012,0.0163
6/22/2012,0.0169
6/23/2012,0.0169
6/24/2012,0.0169
6/25/2012,0.0163
6/26/2012,0.0166
6/27/2012,0.0165
6/28/2012,0.016
6/29/2012,0.0167
6/30/2012,0.0167
7/1/2012,0.0167
7/2/2012,0.0161
7/3/2012,0.0165
7/4/2012,0.0165
7/5/2012,0.0162
7/6/2012,0.0157
7/7/2012,0.0157
7/8/2012,0.0157
7/9/2012,0.0153
7/10/2012,0.0153
7/11/2012,0.0154
7/12/2012,0.015
7/13/2012,0.0152
7/14/2012,0.0152
7/15/2012,0.0152
7/16/2012,0.015
7/17/2012,0.0153
7/18/2012,0.0152
7/19/2012,0.0154
7/20/2012,0.0149
7/21/2012,0.0149
7/22/2012,0.0149
7/23/2012,0.0147
7/24/2012,0.0144
7/25/2012,0.0143
7/26/2012,0.0145
7/27/2012,0.0158
7/28/2012,0.0158
7/29/2012,0.0158
7/30/2012,0.0153
7/31/2012,0.0151
8/1/2012,0.0156
8/2/2012,0.0151
8/3/2012,0.016
8/4/2012,0.016
8/5/2012,0.016
8/6/2012,0.0159
8/7/2012,0.0166
8/8/2012,0.0168
8/9/2012,0.0169
8/10/2012,0.0165
8/11/2012,0.0165
8/12/2012,0.0165
8/13/2012,0.0165
8/14/2012,0.0173
8/15/2012,0.018
8/16/2012,0.0183
8/17/2012,0.0181
8/18/2012,0.0181
8/19/2012,0.0181
8/20/2012,0.0182
8/21/2012,0.018
8/22/2012,0.0171
8/23/2012,0.0168
8/24/2012,0.0168
8/25/2012,0.0168
8/26/2012,0.0168
8/27/2012,0.0165
8/28/2012,0.0164
8/29/2012,0.0166
8/30/2012,0.0163
8/31/2012,0.0157
9/1/2012,0.0157
9/2/2012,0.0157
9/3/2012,0.0157
9/4/2012,0.0159
9/5/2012,0.016
9/6/2012,0.0168
9/7/2012,0.0167
9/8/2012,0.0167
9/9/2012,0.0167
9/10/2012,0.0168
9/11/2012,0.017
9/12/2012,0.0177
9/13/2012,0.0175
9/14/2012,0.0188
9/15/2012,0.0188
9/16/2012,0.0188
9/17/2012,0.0185
9/18/2012,0.0182
9/19/2012,0.0179
9/20/2012,0.018
9/21/2012,0.0177
9/22/2012,0.0177
9/23/2012,0.0177
9/24/2012,0.0174
9/25/2012,0.017
9/26/2012,0.0164
9/27/2012,0.0166
9/28/2012,0.0165
9/29/2012,0.0165
9/30/2012,0.0165
10/1/2012,0.0164
10/2/2012,0.0164
10/3/2012,0.0164
10/4/2012,0.017
10/5/2012,0.0175
10/6/2012,0.0175
10/7/2012,0.0175
10/8/2012,0.0175
10/9/2012,0.0174
10/10/2012,0.0172
10/11/2012,0.017
10/12/2012,0.0169
10/13/2012,0.0169
10/14/2012,0.0169
10/15/2012,0.017
10/16/2012,0.0175
10/17/2012,0.0183
10/18/2012,0.0186
10/19/2012,0.0179
10/20/2012,0.0179
10/21/2012,0.0179
10/22/2012,0.0183
10/23/2012,0.0179
10/24/2012,0.018
10/25/2012,0.0186
10/26/2012,0.0178
10/27/2012,0.0178
10/28/2012,0.0178
10/29/2012,0.0174
10/30/2012,0.0174
10/31/2012,0.0172
11/1/2012,0.0175
11/2/2012,0.0175
11/3/2012,0.0175
11/4/2012,0.0175
11/5/2012,0.0172
11/6/2012,0.0178
11/7/2012,0.0168
11/8/2012,0.0162
11/9/2012,0.0161
11/10/2012,0.0161
11/11/2012,0.0161
11/12/2012,0.0161
11/13/2012,0.0159
11/14/2012,0.0159
11/15/2012,0.0158
11/16/2012,0.0158
11/17/2012,0.0158
11/18/2012,0.0158
11/19/2012,0.0161
11/20/2012,0.0166
11/21/2012,0.0169
11/22/2012,0.0169
11/23/2012,0.017
11/24/2012,0.017
11/25/2012,0.017
11/26/2012,0.0166
11/27/2012,0.0164
11/28/2012,0.0163
11/29/2012,0.0162
11/30/2012,0.0162
12/1/2012,0.0162
12/2/2012,0.0162
12/3/2012,0.0163
12/4/2012,0.0162
12/5/2012,0.016
12/6/2012,0.0159
12/7/2012,0.0164
12/8/2012,0.0164
12/9/2012,0.0164
12/10/2012,0.0163
12/11/2012,0.0166
12/12/2012,0.0172
12/13/2012,0.0174
12/14/2012,0.0172
12/15/2012,0.0172
12/16/2012,0.0172
12/17/2012,0.0178
12/18/2012,0.0184
12/19/2012,0.0182
12/20/2012,0.0181
12/21/2012,0.0177
12/22/2012,0.0177
12/23/2012,0.0177
12/24/2012,0.0179
12/25/2012,0.0179
12/26/2012,0.0177
12/27/2012,0.0174
12/28/2012,0.0173
12/29/2012,0.0173
12/30/2012,0.0173
12/31/2012,0.0178
1/1/2013,0.0178
1/2/2013,0.0186
1/3/2013,0.0192
1/4/2013,0.0193
1/5/2013,0.0193
1/6/2013,0.0193
1/7/2013,0.0192
1/8/2013,0.0189
1/9/2013,0.0188
1/10/2013,0.0191
1/11/2013,0.0189
1/12/2013,0.0189
1/13/2013,0.0189
1/14/2013,0.0189
1/15/2013,0.0186
1/16/2013,0.0184
1/17/2013,0.0189
1/18/2013,0.0187
1/19/2013,0.0187
1/20/2013,0.0187
1/21/2013,0.0187
1/22/2013,0.0186
1/23/2013,0.0186
1/24/2013,0.0188
1/25/2013,0.0198
1/26/2013,0.0198
1/27/2013,0.0198
1/28/2013,0.02
1/29/2013,0.0203
1/30/2013,0.0203
1/31/2013,0.0202
2/1/2013,0.0204
2/2/2013,0.0204
2/3/2013,0.0204
2/4/2013,0.02
2/5/2013,0.0204
2/6/2013,0.02
2/7/2013,0.0199
2/8/2013,0.0199
2/9/2013,0.0199
2/10/2013,0.0199
2/11/2013,0.0199
2/12/2013,0.0202
2/13/2013,0.0205
2/14/2013,0.02
2/15/2013,0.0201
2/16/2013,0.0201
2/17/2013,0.0201
2/18/2013,0.0201
2/19/2013,0.0203
2/20/2013,0.0202
2/21/2013,0.0199
2/22/2013,0.0197
2/23/2013,0.0197
2/24/2013,0.0197
2/25/2013,0.0188
2/26/2013,0.0188
2/27/2013,0.0191
2/28/2013,0.0189
3/1/2013,0.0186
3/2/2013,0.0186
3/3/2013,0.0186
3/4/2013,0.0188
3/5/2013,0.019
3/6/2013,0.0195
3/7/2013,0.02
3/8/2013,0.0206
3/9/2013,0.0206
3/10/2013,0.0206
3/11/2013,0.0207
3/12/2013,0.0203
3/13/2013,0.0204
3/14/2013,0.0204
3/15/2013,0.0201
3/16/2013,0.0201
3/17/2013,0.0201
3/18/2013,0.0196
3/19/2013,0.0192
3/20/2013,0.0196
3/21/2013,0.0195
3/22/2013,0.0193
3/23/2013,0.0193
3/24/2013,0.0193
3/25/2013,0.0193
3/26/2013,0.0192
3/27/2013,0.0187
3/28/2013,0.0187
3/29/2013,0.0187
3/30/2013,0.0187
3/31/2013,0.0187
4/1/2013,0.0186
4/2/2013,0.0188
4/3/2013,0.0183
4/4/2013,0.0178
4/5/2013,0.0172
4/6/2013,0.0172
4/7/2013,0.0172
4/8/2013,0.0176
4/9/2013,0.0178
4/10/2013,0.0184
4/11/2013,0.0182
4/12/2013,0.0175
4/13/2013,0.0175
4/14/2013,0.0175
4/15/2013,0.0172
4/16/2013,0.0175
4/17/2013,0.0173
4/18/2013,0.0172
4/19/2013,0.0173
4/20/2013,0.0173
4/21/2013,0.0173
4/22/2013,0.0172
4/23/2013,0.0174
4/24/2013,0.0173
4/25/2013,0.0174
4/26/2013,0.017
4/27/2013,0.017
4/28/2013,0.017
4/29/2013,0.017
4/30/2013,0.017
5/1/2013,0.0166
5/2/2013,0.0166
5/3/2013,0.0178
5/4/2013,0.0178
5/5/2013,0.0178
5/6/2013,0.018
5/7/2013,0.0182
5/8/2013,0.0181
5/9/2013,0.0181
5/10/2013,0.019
5/11/2013,0.019
5/12/2013,0.019
5/13/2013,0.0192
5/14/2013,0.0196
5/15/2013,0.0194
5/16/2013,0.0187
5/17/2013,0.0195
5/18/2013,0.0195
5/19/2013,0.0195
5/20/2013,0.0197
5/21/2013,0.0194
5/22/2013,0.0203
5/23/2013,0.0202
5/24/2013,0.0201
5/25/2013,0.0201
5/26/2013,0.0201
5/27/2013,0.0201
5/28/2013,0.0215
5/29/2013,0.0213
5/30/2013,0.0213
5/31/2013,0.0216
6/1/2013,0.0216
6/2/2013,0.0216
6/3/2013,0.0213
6/4/2013,0.0214
6/5/2013,0.021
6/6/2013,0.0208
6/7/2013,0.0217
6/8/2013,0.0217
6/9/2013,0.0217
6/10/2013,0.0222
6/11/2013,0.022
6/12/2013,0.0225
6/13/2013,0.0219
6/14/2013,0.0214
6/15/2013,0.0214
6/16/2013,0.0214
6/17/2013,0.0219
6/18/2013,0.022
6/19/2013,0.0233
6/20/2013,0.0241
6/21/2013,0.0252
6/22/2013,0.0252
6/23/2013,0.0252
6/24/2013,0.0257
6/25/2013,0.026
6/26/2013,0.0255
6/27/2013,0.0249
6/28/2013,0.0252
6/29/2013,0.0252
6/30/2013,0.0252
7/1/2013,0.025
7/2/2013,0.0248
7/3/2013,0.0252
7/4/2013,0.0252
7/5/2013,0.0273
7/6/2013,0.0273
7/7/2013,0.0273
7/8/2013,0.0265
7/9/2013,0.0265
7/10/2013,0.027
7/11/2013,0.026
7/12/2013,0.0261
7/13/2013,0.0261
7/14/2013,0.0261
7/15/2013,0.0257
7/16/2013,0.0255
7/17/2013,0.0252
7/18/2013,0.0256
7/19/2013,0.025
7/20/2013,0.025
7/21/2013,0.025
7/22/2013,0.025
7/23/2013,0.0253
7/24/2013,0.0261
7/25/2013,0.0261
7/26/2013,0.0258
7/27/2013,0.0258
7/28/2013,0.0258
7/29/2013,0.0261
7/30/2013,0.0263
7/31/2013,0.026
8/1/2013,0.0274
8/2/2013,0.0263
8/3/2013,0.0263
8/4/2013,0.0263
8/5/2013,0.0267
8/6/2013,0.0267
8/7/2013,0.0261
8/8/2013,0.0258
8/9/2013,0.0257
8/10/2013,0.0257
8/11/2013,0.0257
8/12/2013,0.0261
8/13/2013,0.0271
8/14/2013,0.0271
8/15/2013,0.0277
8/16/2013,0.0284
8/17/2013,0.0284
8/18/2013,0.0284
8/19/2013,0.0288
8/20/2013,0.0282
8/21/2013,0.0287
8/22/2013,0.029
8/23/2013,0.0282
8/24/2013,0.0282
8/25/2013,0.0282
8/26/2013,0.0279
8/27/2013,0.0272
8/28/2013,0.0278
8/29/2013,0.0275
8/30/2013,0.0278
8/31/2013,0.0278
9/1/2013,0.0278
9/2/2013,0.0278
9/3/2013,0.0286
9/4/2013,0.029
9/5/2013,0.0298
9/6/2013,0.0294
9/7/2013,0.0294
9/8/2013,0.0294
9/9/2013,0.029
9/10/2013,0.0296
9/11/2013,0.0293
9/12/2013,0.0292
9/13/2013,0.029
9/14/2013,0.029
9/15/2013,0.029
9/16/2013,0.0288
9/17/2013,0.0286
9/18/2013,0.0269
9/19/2013,0.0276
9/20/2013,0.0275
9/21/2013,0.0275
9/22/2013,0.0275
9/23/2013,0.0272
9/24/2013,0.0267
9/25/2013,0.0263
9/26/2013,0.0266
9/27/2013,0.0264
9/28/2013,0.0264
9/29/2013,0.0264
9/30/2013,0.0264
10/1/2013,0.0266
10/2/2013,0.0263
10/3/2013,0.0262
10/4/2013,0.0266
10/5/2013,0.0266
10/6/2013,0.0266
10/7/2013,0.0265
10/8/2013,0.0266
10/9/2013,0.0268
10/10/2013,0.0271
10/11/2013,0.027
10/12/2013,0.027
10/13/2013,0.027
10/14/2013,0.027
10/15/2013,0.0275
10/16/2013,0.0269
10/17/2013,0.0261
10/18/2013,0.026
10/19/2013,0.026
10/20/2013,0.026
10/21/2013,0.0263
10/22/2013,0.0254
10/23/2013,0.0251
10/24/2013,0.0253
10/25/2013,0.0253
10/26/2013,0.0253
10/27/2013,0.0253
10/28/2013,0.0254
10/29/2013,0.0253
10/30/2013,0.0255
10/31/2013,0.0257
11/1/2013,0.0265
11/2/2013,0.0265
11/3/2013,0.0265
11/4/2013,0.0263
11/5/2013,0.0269
11/6/2013,0.0267
11/7/2013,0.0263
11/8/2013,0.0277
11/9/2013,0.0277
11/10/2013,0.0277
11/11/2013,0.0277
11/12/2013,0.028
11/13/2013,0.0275
11/14/2013,0.0269
11/15/2013,0.0271
11/16/2013,0.0271
11/17/2013,0.0271
11/18/2013,0.0267
11/19/2013,0.0271
11/20/2013,0.028
11/21/2013,0.0279
11/22/2013,0.0275
11/23/2013,0.0275
11/24/2013,0.0275
11/25/2013,0.0274
11/26/2013,0.0271
11/27/2013,0.0274
11/28/2013,0.0274
11/29/2013,0.0275
11/30/2013,0.0275
12/1/2013,0.0275
12/2/2013,0.0281
12/3/2013,0.0279
12/4/2013,0.0284
12/5/2013,0.0288
12/6/2013,0.0288
12/7/2013,0.0288
12/8/2013,0.0288
12/9/2013,0.0286
12/10/2013,0.0281
12/11/2013,0.0286
12/12/2013,0.0289
12/13/2013,0.0288
12/14/2013,0.0288
12/15/2013,0.0288
12/16/2013,0.0289
12/17/2013,0.0285
12/18/2013,0.0289
12/19/2013,0.0294
12/20/2013,0.0289
12/21/2013,0.0289
12/22/2013,0.0289
12/23/2013,0.0294
12/24/2013,0.0299
12/25/2013,0.0299
12/26/2013,0.03
12/27/2013,0.0302
12/28/2013,0.0302
12/29/2013,0.0302
12/30/2013,0.0299
12/31/2013,0.0304
1/1/2014,0.0304
1/2/2014,0.03
1/3/2014,0.0301
1/4/2014,0.0301
1/5/2014,0.0301
1/6/2014,0.0298
1/7/2014,0.0296
1/8/2014,0.0301
1/9/2014,0.0297
1/10/2014,0.0288
1/11/2014,0.0288
1/12/2014,0.0288
1/13/2014,0.0284
1/14/2014,0.0277
1/15/2014,0.029
1/16/2014,0.0286
1/17/2014,0.0284
1/18/2014,0.0284
1/19/2014,0.0284
1/20/2014,0.0284
1/21/2014,0.0285
1/22/2014,0.0287
1/23/2014,0.0279
1/24/2014,0.0275
1/25/2014,0.0275
1/26/2014,0.0275
1/27/2014,0.0278
1/28/2014,0.0277
1/29/2014,0.0269
1/30/2014,0.0272
1/31/2014,0.0267
2/1/2014,0.0267
2/2/2014,0.0267
2/3/2014,0.0261
2/4/2014,0.0264
2/5/2014,0.027
2/6/2014,0.0273
2/7/2014,0.0271
2/8/2014,0.0271
2/9/2014,0.0271
2/10/2014,0.027
2/11/2014,0.0275
2/12/2014,0.028
2/13/2014,0.0273
2/14/2014,0.0275
2/15/2014,0.0275
2/16/2014,0.0275
2/17/2014,0.0275
2/18/2014,0.0271
2/19/2014,0.0273
2/20/2014,0.0276
2/21/2014,0.0273
2/22/2014,0.0273
2/23/2014,0.0273
2/24/2014,0.0275
2/25/2014,0.027
2/26/2014,0.0267
2/27/2014,0.0265
2/28/2014,0.0266
3/1/2014,0.0266
3/2/2014,0.0266
3/3/2014,0.026
3/4/2014,0.027
3/5/2014,0.027
3/6/2014,0.0274
3/7/2014,0.028
3/8/2014,0.028
3/9/2014,0.028
3/10/2014,0.0279
3/11/2014,0.0277
3/12/2014,0.0273
3/13/2014,0.0266
3/14/2014,0.0265
3/15/2014,0.0265
3/16/2014,0.0265
3/17/2014,0.027
3/18/2014,0.0268
3/19/2014,0.0278
3/20/2014,0.0279
3/21/2014,0.0275
3/22/2014,0.0275
3/23/2014,0.0275
3/24/2014,0.0274
3/25/2014,0.0275
3/26/2014,0.0271
3/27/2014,0.0269
3/28/2014,0.0273
3/29/2014,0.0273
3/30/2014,0.0273
3/31/2014,0.0273
4/1/2014,0.0277
4/2/2014,0.0282
4/3/2014,0.028
4/4/2014,0.0274
4/5/2014,0.0274
4/6/2014,0.0274
4/7/2014,0.0271
4/8/2014,0.0269
4/9/2014,0.0271
4/10/2014,0.0265
4/11/2014,0.0263
4/12/2014,0.0263
4/13/2014,0.0263
4/14/2014,0.0265
4/15/2014,0.0264
4/16/2014,0.0265
4/17/2014,0.0273
4/18/2014,0.0273
4/19/2014,0.0273
4/20/2014,0.0273
4/21/2014,0.0273
4/22/2014,0.0273
4/23/2014,0.027
4/24/2014,0.027
4/25/2014,0.0268
4/26/2014,0.0268
4/27/2014,0.0268
4/28/2014,0.027
4/29/2014,0.0271
4/30/2014,0.0267
5/1/2014,0.0263
5/2/2014,0.026
5/3/2014,0.026
5/4/2014,0.026
5/5/2014,0.0263
5/6/2014,0.0261
5/7/2014,0.0262
5/8/2014,0.0261
5/9/2014,0.0262
5/10/2014,0.0262
5/11/2014,0.0262
5/12/2014,0.0266
5/13/2014,0.0261
5/14/2014,0.0254
5/15/2014,0.025
5/16/2014,0.0252
5/17/2014,0.0252
5/18/2014,0.0252
5/19/2014,0.0254
5/20/2014,0.0252
5/21/2014,0.0254
5/22/2014,0.0256
5/23/2014,0.0254
5/24/2014,0.0254
5/25/2014,0.0254
5/26/2014,0.0254
5/27/2014,0.0252
5/28/2014,0.0244
5/29/2014,0.0245
5/30/2014,0.0248
5/31/2014,0.0248
6/1/2014,0.0248
6/2/2014,0.0254
6/3/2014,0.026
6/4/2014,0.0261
6/5/2014,0.0259
6/6/2014,0.026
6/7/2014,0.026
6/8/2014,0.026
6/9/2014,0.0262
6/10/2014,0.0264
6/11/2014,0.0265
6/12/2014,0.0258
6/13/2014,0.026
6/14/2014,0.026
6/15/2014,0.026
6/16/2014,0.0261
6/17/2014,0.0266
6/18/2014,0.0261
6/19/2014,0.0264
6/20/2014,0.0263
6/21/2014,0.0263
6/22/2014,0.0263
6/23/2014,0.0263
6/24/2014,0.0259
6/25/2014,0.0257
6/26/2014,0.0253
6/27/2014,0.0254
6/28/2014,0.0254
6/29/2014,0.0254
6/30/2014,0.0253
7/1/2014,0.0258
7/2/2014,0.0264
7/3/2014,0.0265
7/4/2014,0.0265
7/5/2014,0.0265
7/6/2014,0.0265
7/7/2014,0.0263
7/8/2014,0.0258
7/9/2014,0.0257
7/10/2014,0.0255
7/11/2014,0.0253
7/12/2014,0.0253
7/13/2014,0.0253
7/14/2014,0.0255
7/15/2014,0.0256
7/16/2014,0.0255
7/17/2014,0.0247
7/18/2014,0.025
7/19/2014,0.025
7/20/2014,0.025
7/21/2014,0.0249
7/22/2014,0.0248
7/23/2014,0.0248
7/24/2014,0.0252
7/25/2014,0.0248
7/26/2014,0.0248
7/27/2014,0.0248
7/28/2014,0.025
7/29/2014,0.0247
7/30/2014,0.0257
7/31/2014,0.0258
8/1/2014,0.0252
8/2/2014,0.0252
8/3/2014,0.0252
8/4/2014,0.0251
8/5/2014,0.0249
8/6/2014,0.0249
8/7/2014,0.0243
8/8/2014,0.0244
8/9/2014,0.0244
8/10/2014,0.0244
8/11/2014,0.0244
8/12/2014,0.0246
8/13/2014,0.0243
8/14/2014,0.024
8/15/2014,0.0234
8/16/2014,0.0234
8/17/2014,0.0234
8/18/2014,0.0239
8/19/2014,0.024
8/20/2014,0.0243
8/21/2014,0.0241
8/22/2014,0.024
8/23/2014,0.024
8/24/2014,0.024
8/25/2014,0.0239
8/26/2014,0.0239
8/27/2014,0.0237
8/28/2014,0.0234
8/29/2014,0.0235
8/30/2014,0.0235
8/31/2014,0.0235
9/1/2014,0.0235
9/2/2014,0.0242
9/3/2014,0.0241
9/4/2014,0.0245
9/5/2014,0.0246
9/6/2014,0.0246
9/7/2014,0.0246
9/8/2014,0.0248
9/9/2014,0.025
9/10/2014,0.0254
9/11/2014,0.0254
9/12/2014,0.0262
9/13/2014,0.0262
9/14/2014,0.0262
9/15/2014,0.026
9/16/2014,0.026
9/17/2014,0.0262
9/18/2014,0.0263
9/19/2014,0.0259
9/20/2014,0.0259
9/21/2014,0.0259
9/22/2014,0.0257
9/23/2014,0.0254
9/24/2014,0.0257
9/25/2014,0.0252
9/26/2014,0.0254
9/27/2014,0.0254
9/28/2014,0.0254
9/29/2014,0.025
9/30/2014,0.0252
10/1/2014,0.0242
10/2/2014,0.0244
10/3/2014,0.0245
10/4/2014,0.0245
10/5/2014,0.0245
10/6/2014,0.0243
10/7/2014,0.0236
10/8/2014,0.0235
10/9/2014,0.0234
10/10/2014,0.0231
10/11/2014,0.0231
10/12/2014,0.0231
10/13/2014,0.0231
10/14/2014,0.0221
10/15/2014,0.0215
10/16/2014,0.0217
10/17/2014,0.0222
10/18/2014,0.0222
10/19/2014,0.0222
10/20/2014,0.022
10/21/2014,0.0223
10/22/2014,0.0225
10/23/2014,0.0229
10/24/2014,0.0229
10/25/2014,0.0229
10/26/2014,0.0229
10/27/2014,0.0227
10/28/2014,0.023
10/29/2014,0.0234
10/30/2014,0.0232
10/31/2014,0.0235
11/1/2014,0.0235
11/2/2014,0.0235
11/3/2014,0.0236
11/4/2014,0.0235
11/5/2014,0.0236
11/6/2014,0.0239
11/7/2014,0.0232
11/8/2014,0.0232
11/9/2014,0.0232
11/10/2014,0.0238
11/11/2014,0.0238
11/12/2014,0.0237
11/13/2014,0.0235
11/14/2014,0.0232
11/15/2014,0.0232
11/16/2014,0.0232
11/17/2014,0.0234
11/18/2014,0.0232
11/19/2014,0.0236
11/20/2014,0.0234
11/21/2014,0.0231
11/22/2014,0.0231
11/23/2014,0.0231
11/24/2014,0.023
11/25/2014,0.0227
11/26/2014,0.0224
11/27/2014,0.0224
11/28/2014,0.0218
11/29/2014,0.0218
11/30/2014,0.0218
12/1/2014,0.0222
12/2/2014,0.0228
12/3/2014,0.0229
12/4/2014,0.0225
12/5/2014,0.0231
12/6/2014,0.0231
12/7/2014,0.0231
12/8/2014,0.0226
12/9/2014,0.0222
12/10/2014,0.0218
12/11/2014,0.0219
12/12/2014,0.021
12/13/2014,0.021
12/14/2014,0.021
12/15/2014,0.0212
12/16/2014,0.0207
12/17/2014,0.0214
12/18/2014,0.0222
12/19/2014,0.0217
12/20/2014,0.0217
12/21/2014,0.0217
12/22/2014,0.0217
12/23/2014,0.0226
12/24/2014,0.0227
12/25/2014,0.0227
12/26/2014,0.0225
12/27/2014,0.0225
12/28/2014,0.0225
12/29/2014,0.0222
12/30/2014,0.022
12/31/2014,0.0217
1/1/2015,0.0217
1/2/2015,0.0212
1/3/2015,0.0212
1/4/2015,0.0212
1/5/2015,0.0204
1/6/2015,0.0197
1/7/2015,0.0196
1/8/2015,0.0203
1/9/2015,0.0198
1/10/2015,0.0198
1/11/2015,0.0198
1/12/2015,0.0192
1/13/2015,0.0191
1/14/2015,0.0186
1/15/2015,0.0177
1/16/2015,0.0183
1/17/2015,0.0183
1/18/2015,0.0183
1/19/2015,0.0183
1/20/2015,0.0182
1/21/2015,0.0187
1/22/2015,0.019
1/23/2015,0.0181
1/24/2015,0.0181
1/25/2015,0.0181
1/26/2015,0.0183
1/27/2015,0.0183
1/28/2015,0.0173
1/29/2015,0.0177
1/30/2015,0.0168
1/31/2015,0.0168
2/1/2015,0.0168
2/2/2015,0.0168
2/3/2015,0.0179
2/4/2015,0.0181
2/5/2015,0.0183
2/6/2015,0.0195
2/7/2015,0.0195
2/8/2015,0.0195
2/9/2015,0.0196
2/10/2015,0.0201
2/11/2015,0.02
2/12/2015,0.0199
2/13/2015,0.0202
2/14/2015,0.0202
2/15/2015,0.0202
2/16/2015,0.0202
2/17/2015,0.0214
2/18/2015,0.0207
2/19/2015,0.0211
2/20/2015,0.0213
2/21/2015,0.0213
2/22/2015,0.0213
2/23/2015,0.0206
2/24/2015,0.0199
2/25/2015,0.0196
2/26/2015,0.0203
2/27/2015,0.0203
2/28/2015,0.0203
3/1/2015,0.0203
3/2/2015,0.0208
3/3/2015,0.0212
3/4/2015,0.0212
3/5/2015,0.0211
3/6/2015,0.0224
3/7/2015,0.0224
3/8/2015,0.0224
3/9/2015,0.022
3/10/2015,0.0214
3/11/2015,0.0211
3/12/2015,0.021
3/13/2015,0.0213
3/14/2015,0.0213
3/15/2015,0.0213
3/16/2015,0.021
3/17/2015,0.0206
3/18/2015,0.0193
3/19/2015,0.0198
3/20/2015,0.0193
3/21/2015,0.0193
3/22/2015,0.0193
3/23/2015,0.0192
3/24/2015,0.0188
3/25/2015,0.0193
3/26/2015,0.0201
3/27/2015,0.0195
3/28/2015,0.0195
3/29/2015,0.0195
3/30/2015,0.0196
3/31/2015,0.0194
4/1/2015,0.0187
4/2/2015,0.0192
4/3/2015,0.0185
4/4/2015,0.0185
4/5/2015,0.0185
4/6/2015,0.0192
4/7/2015,0.0189
4/8/2015,0.0192
4/9/2015,0.0197
4/10/2015,0.0196
4/11/2015,0.0196
4/12/2015,0.0196
4/13/2015,0.0194
4/14/2015,0.019
4/15/2015,0.0191
4/16/2015,0.019
4/17/2015,0.0187
4/18/2015,0.0187
4/19/2015,0.0187
4/20/2015,0.019
4/21/2015,0.0192
4/22/2015,0.0199
4/23/2015,0.0196
4/24/2015,0.0193
4/25/2015,0.0193
4/26/2015,0.0193
4/27/2015,0.0194
4/28/2015,0.02
4/29/2015,0.0206
4/30/2015,0.0205
5/1/2015,0.0212
5/2/2015,0.0212
5/3/2015,0.0212
5/4/2015,0.0216
5/5/2015,0.0219
5/6/2015,0.0225
5/7/2015,0.0218
5/8/2015,0.0216
5/9/2015,0.0216
5/10/2015,0.0216
5/11/2015,0.0228
5/12/2015,0.0228
5/13/2015,0.0227
5/14/2015,0.0223
5/15/2015,0.0214
5/16/2015,0.0214
5/17/2015,0.0214
5/18/2015,0.0223
5/19/2015,0.0227
5/20/2015,0.0226
5/21/2015,0.0219
5/22/2015,0.0221
5/23/2015,0.0221
5/24/2015,0.0221
5/25/2015,0.0221
5/26/2015,0.0214
5/27/2015,0.0214
5/28/2015,0.0213
5/29/2015,0.0212
5/30/2015,0.0212
5/31/2015,0.0212
6/1/2015,0.0219
6/2/2015,0.0227
6/3/2015,0.0238
6/4/2015,0.0231
6/5/2015,0.0241
6/6/2015,0.0241
6/7/2015,0.0241
6/8/2015,0.0239
6/9/2015,0.0242
6/10/2015,0.025
6/11/2015,0.0239
6/12/2015,0.0239
6/13/2015,0.0239
6/14/2015,0.0239
6/15/2015,0.0236
6/16/2015,0.0232
6/17/2015,0.0232
6/18/2015,0.0235
6/19/2015,0.0226
6/20/2015,0.0226
6/21/2015,0.0226
6/22/2015,0.0237
6/23/2015,0.0242
6/24/2015,0.0238
6/25/2015,0.024
6/26/2015,0.0249
6/27/2015,0.0249
6/28/2015,0.0249
6/29/2015,0.0233
6/30/2015,0.0235
7/1/2015,0.0243
7/2/2015,0.024
7/3/2015,0.024
7/4/2015,0.024
7/5/2015,0.024
7/6/2015,0.023
7/7/2015,0.0227
7/8/2015,0.0222
7/9/2015,0.0232
7/10/2015,0.0242
7/11/2015,0.0242
7/12/2015,0.0242
7/13/2015,0.0244
7/14/2015,0.0241
7/15/2015,0.0236
7/16/2015,0.0236
7/17/2015,0.0234
7/18/2015,0.0234
7/19/2015,0.0234
7/20/2015,0.0238
7/21/2015,0.0235
7/22/2015,0.0233
7/23/2015,0.0228
7/24/2015,0.0227
7/25/2015,0.0227
7/26/2015,0.0227
7/27/2015,0.0223
7/28/2015,0.0226
7/29/2015,0.0229
7/30/2015,0.0228
7/31/2015,0.022
8/1/2015,0.022
8/2/2015,0.022
8/3/2015,0.0216
8/4/2015,0.0223
8/5/2015,0.0228
8/6/2015,0.0223
8/7/2015,0.0218
8/8/2015,0.0218
8/9/2015,0.0218
8/10/2015,0.0224
8/11/2015,0.0215
8/12/2015,0.0214
8/13/2015,0.0219
8/14/2015,0.022
8/15/2015,0.022
8/16/2015,0.022
8/17/2015,0.0216
8/18/2015,0.022
8/19/2015,0.0212
8/20/2015,0.0209
8/21/2015,0.0205
8/22/2015,0.0205
8/23/2015,0.0205
8/24/2015,0.0201
8/25/2015,0.0212
8/26/2015,0.0218
8/27/2015,0.0218
8/28/2015,0.0219
8/29/2015,0.0219
8/30/2015,0.0219
8/31/2015,0.0221
9/1/2015,0.0217
9/2/2015,0.022
9/3/2015,0.0218
9/4/2015,0.0213
9/5/2015,0.0213
9/6/2015,0.0213
9/7/2015,0.0213
9/8/2015,0.022
9/9/2015,0.0221
9/10/2015,0.0223
9/11/2015,0.022
9/12/2015,0.022
9/13/2015,0.022
9/14/2015,0.0218
9/15/2015,0.0228
9/16/2015,0.023
9/17/2015,0.0221
9/18/2015,0.0213
9/19/2015,0.0213
9/20/2015,0.0213
9/21/2015,0.022
9/22/2015,0.0214
9/23/2015,0.0216
9/24/2015,0.0213
9/25/2015,0.0217
9/26/2015,0.0217
9/27/2015,0.0217
9/28/2015,0.021
9/29/2015,0.0205
9/30/2015,0.0206
10/1/2015,0.0205
10/2/2015,0.0199
10/3/2015,0.0199
10/4/2015,0.0199
10/5/2015,0.0207
10/6/2015,0.0205
10/7/2015,0.0208
10/8/2015,0.0212
10/9/2015,0.0212
10/10/2015,0.0212
10/11/2015,0.0212
10/12/2015,0.0212
10/13/2015,0.0206
10/14/2015,0.0199
10/15/2015,0.0204
10/16/2015,0.0204
10/17/2015,0.0204
10/18/2015,0.0204
10/19/2015,0.0204
10/20/2015,0.0208
10/21/2015,0.0204
10/22/2015,0.0204
10/23/2015,0.0209
10/24/2015,0.0209
10/25/2015,0.0209
10/26/2015,0.0207
10/27/2015,0.0205
10/28/2015,0.021
10/29/2015,0.0219
10/30/2015,0.0216
10/31/2015,0.0216
11/1/2015,0.0216
11/2/2015,0.022
11/3/2015,0.0223
11/4/2015,0.0225
11/5/2015,0.0226
11/6/2015,0.0234
11/7/2015,0.0234
11/8/2015,0.0234
11/9/2015,0.0236
11/10/2015,0.0232
11/11/2015,0.0232
11/12/2015,0.0232
11/13/2015,0.0228
11/14/2015,0.0228
11/15/2015,0.0228
11/16/2015,0.0227
11/17/2015,0.0225
11/18/2015,0.0227
11/19/2015,0.0224
11/20/2015,0.0226
11/21/2015,0.0226
11/22/2015,0.0226
11/23/2015,0.0225
11/24/2015,0.0224
11/25/2015,0.0223
11/26/2015,0.0223
11/27/2015,0.0222
11/28/2015,0.0222
11/29/2015,0.0222
11/30/2015,0.0221
12/1/2015,0.0215
12/2/2015,0.0218
12/3/2015,0.0233
12/4/2015,0.0228
12/5/2015,0.0228
12/6/2015,0.0228
12/7/2015,0.0223
12/8/2015,0.0224
12/9/2015,0.0222
12/10/2015,0.0224
12/11/2015,0.0213
12/12/2015,0.0213
12/13/2015,0.0213
12/14/2015,0.0223
12/15/2015,0.0228
12/16/2015,0.023
12/17/2015,0.0224
12/18/2015,0.0219
12/19/2015,0.0219
12/20/2015,0.0219
12/21/2015,0.022
12/22/2015,0.0224
12/23/2015,0.0227
12/24/2015,0.0225
12/25/2015,0.0225
12/26/2015,0.0225
12/27/2015,0.0225
12/28/2015,0.0224
12/29/2015,0.0232
12/30/2015,0.0231
12/31/2015,0.0227
1/1/2016,0.0227
1/2/2016,0.0227
1/3/2016,0.0227
1/4/2016,0.0224
1/5/2016,0.0225
1/6/2016,0.0218
1/7/2016,0.0216
1/8/2016,0.0213
1/9/2016,0.0213
1/10/2016,0.0213
1/11/2016,0.0217
1/12/2016,0.0212
1/13/2016,0.0208
1/14/2016,0.021
1/15/2016,0.0203
1/16/2016,0.0203
1/17/2016,0.0203
1/18/2016,0.0203
1/19/2016,0.0206
1/20/2016,0.0201
1/21/2016,0.0202
1/22/2016,0.0207
1/23/2016,0.0207
1/24/2016,0.0207
1/25/2016,0.0203
1/26/2016,0.0201
1/27/2016,0.0202
1/28/2016,0.02
1/29/2016,0.0194
1/30/2016,0.0194
1/31/2016,0.0194
2/1/2016,0.0197
2/2/2016,0.0187
2/3/2016,0.0188
2/4/2016,0.0187
2/5/2016,0.0186
2/6/2016,0.0186
2/7/2016,0.0186
2/8/2016,0.0175
2/9/2016,0.0174
2/10/2016,0.0171
2/11/2016,0.0163
2/12/2016,0.0174
2/13/2016,0.0174
2/14/2016,0.0174
2/15/2016,0.0174
2/16/2016,0.0178
2/17/2016,0.0181
2/18/2016,0.0175
2/19/2016,0.0176
2/20/2016,0.0176
2/21/2016,0.0176
2/22/2016,0.0177
2/23/2016,0.0174
2/24/2016,0.0175
2/25/2016,0.0171
2/26/2016,0.0176
2/27/2016,0.0176
2/28/2016,0.0176
2/29/2016,0.0174
3/1/2016,0.0183
3/2/2016,0.0184
3/3/2016,0.0183
3/4/2016,0.0188
3/5/2016,0.0188
3/6/2016,0.0188
3/7/2016,0.0191
3/8/2016,0.0183
3/9/2016,0.019
3/10/2016,0.0193
3/11/2016,0.0198
3/12/2016,0.0198
3/13/2016,0.0198
3/14/2016,0.0197
3/15/2016,0.0197
3/16/2016,0.0194
3/17/2016,0.0191
3/18/2016,0.0188
3/19/2016,0.0188
3/20/2016,0.0188
3/21/2016,0.0192
3/22/2016,0.0194
3/23/2016,0.0188
3/24/2016,0.0191
3/25/2016,0.0191
3/26/2016,0.0191
3/27/2016,0.0191
3/28/2016,0.0189
3/29/2016,0.0181
3/30/2016,0.0183
3/31/2016,0.0178
4/1/2016,0.0179
4/2/2016,0.0179
4/3/2016,0.0179
4/4/2016,0.0178
4/5/2016,0.0173
4/6/2016,0.0176
4/7/2016,0.017
4/8/2016,0.0172
4/9/2016,0.0172
4/10/2016,0.0172
4/11/2016,0.0173
4/12/2016,0.0179
4/13/2016,0.0177
4/14/2016,0.018
4/15/2016,0.0176
4/16/2016,0.0176
4/17/2016,0.0176
4/18/2016,0.0178
4/19/2016,0.0179
4/20/2016,0.0185
4/21/2016,0.0188
4/22/2016,0.0189
4/23/2016,0.0189
4/24/2016,0.0189
4/25/2016,0.0191
4/26/2016,0.0194
4/27/2016,0.0187
4/28/2016,0.0184
4/29/2016,0.0183
4/30/2016,0.0183
5/1/2016,0.0183
5/2/2016,0.0188
5/3/2016,0.0181
5/4/2016,0.0179
5/5/2016,0.0176
5/6/2016,0.0179
5/7/2016,0.0179
5/8/2016,0.0179
5/9/2016,0.0177
5/10/2016,0.0177
5/11/2016,0.0173
5/12/2016,0.0175
5/13/2016,0.0171
5/14/2016,0.0171
5/15/2016,0.0171
5/16/2016,0.0175
5/17/2016,0.0176
5/18/2016,0.0187
5/19/2016,0.0185
5/20/2016,0.0185
5/21/2016,0.0185
5/22/2016,0.0185
5/23/2016,0.0184
5/24/2016,0.0186
5/25/2016,0.0187
5/26/2016,0.0183
5/27/2016,0.0185
5/28/2016,0.0185
5/29/2016,0.0185
5/30/2016,0.0185
5/31/2016,0.0184
6/1/2016,0.0185
6/2/2016,0.0181
6/3/2016,0.0171
6/4/2016,0.0171
6/5/2016,0.0171
6/6/2016,0.0173
6/7/2016,0.0172
6/8/2016,0.0171
6/9/2016,0.0168
6/10/2016,0.0164
6/11/2016,0.0164
6/12/2016,0.0164
6/13/2016,0.0162
6/14/2016,0.0162
6/15/2016,0.016
6/16/2016,0.0157
6/17/2016,0.0162
6/18/2016,0.0162
6/19/2016,0.0162
6/20/2016,0.0167
6/21/2016,0.0171
6/22/2016,0.0169
6/23/2016,0.0174
6/24/2016,0.0157
6/25/2016,0.0157
6/26/2016,0.0157
6/27/2016,0.0146
6/28/2016,0.0146
6/29/2016,0.015
6/30/2016,0.0149
7/1/2016,0.0146
7/2/2016,0.0146
7/3/2016,0.0146
7/4/2016,0.0146
7/5/2016,0.0137
7/6/2016,0.0138
7/7/2016,0.014
7/8/2016,0.0137
7/9/2016,0.0137
7/10/2016,0.0137
7/11/2016,0.0143
7/12/2016,0.0153
7/13/2016,0.0148
7/14/2016,0.0153
7/15/2016,0.016
7/16/2016,0.016
7/17/2016,0.016
7/18/2016,0.0159
7/19/2016,0.0156
7/20/2016,0.0159
7/21/2016,0.0157
7/22/2016,0.0157
7/23/2016,0.0157
7/24/2016,0.0157
7/25/2016,0.0158
7/26/2016,0.0157
7/27/2016,0.0152
7/28/2016,0.0152
7/29/2016,0.0146
7/30/2016,0.0146
7/31/2016,0.0146
8/1/2016,0.0151
8/2/2016,0.0155
8/3/2016,0.0155
8/4/2016,0.0151
8/5/2016,0.0159
8/6/2016,0.0159
8/7/2016,0.0159
8/8/2016,0.0159
8/9/2016,0.0155
8/10/2016,0.015
8/11/2016,0.0157
8/12/2016,0.0151
8/13/2016,0.0151
8/14/2016,0.0151
8/15/2016,0.0155
8/16/2016,0.0157
8/17/2016,0.0156
8/18/2016,0.0153
8/19/2016,0.0158
8/20/2016,0.0158
8/21/2016,0.0158
8/22/2016,0.0155
8/23/2016,0.0155
8/24/2016,0.0156
8/25/2016,0.0158
8/26/2016,0.0162
8/27/2016,0.0162
8/28/2016,0.0162
8/29/2016,0.0157
8/30/2016,0.0157
8/31/2016,0.0158
9/1/2016,0.0157
9/2/2016,0.016
9/3/2016,0.016
9/4/2016,0.016
9/5/2016,0.016
9/6/2016,0.0155
9/7/2016,0.0154
9/8/2016,0.0161
9/9/2016,0.0167
9/10/2016,0.0167
9/11/2016,0.0167
9/12/2016,0.0168
9/13/2016,0.0173
9/14/2016,0.017
9/15/2016,0.0171
9/16/2016,0.017
9/17/2016,0.017
9/18/2016,0.017
9/19/2016,0.017
9/20/2016,0.0169
9/21/2016,0.0166
9/22/2016,0.0163
9/23/2016,0.0162
9/24/2016,0.0162
9/25/2016,0.0162
9/26/2016,0.0159
9/27/2016,0.0156
9/28/2016,0.0157
9/29/2016,0.0156
9/30/2016,0.016
10/1/2016,0.016
10/2/2016,0.016
10/3/2016,0.0163
10/4/2016,0.0169
10/5/2016,0.0172
10/6/2016,0.0175
10/7/2016,0.0173
10/8/2016,0.0173
10/9/2016,0.0173
10/10/2016,0.0173
10/11/2016,0.0177
10/12/2016,0.0179
10/13/2016,0.0175
10/14/2016,0.018
10/15/2016,0.018
10/16/2016,0.018
10/17/2016,0.0177
10/18/2016,0.0175
10/19/2016,0.0176
10/20/2016,0.0176
10/21/2016,0.0174
10/22/2016,0.0174
10/23/2016,0.0174
10/24/2016,0.0177
10/25/2016,0.0177
10/26/2016,0.0179
10/27/2016,0.0185
10/28/2016,0.0186
10/29/2016,0.0186
10/30/2016,0.0186
10/31/2016,0.0184
11/1/2016,0.0183
11/2/2016,0.0181
11/3/2016,0.0182
11/4/2016,0.0179
11/5/2016,0.0179
11/6/2016,0.0179
11/7/2016,0.0183
11/8/2016,0.0188
11/9/2016,0.0207
11/10/2016,0.0215
11/11/2016,0.0215
11/12/2016,0.0215
11/13/2016,0.0215
11/14/2016,0.0223
11/15/2016,0.0223
11/16/2016,0.0222
11/17/2016,0.0229
11/18/2016,0.0234
11/19/2016,0.0234
11/20/2016,0.0234
11/21/2016,0.0233
11/22/2016,0.0231
11/23/2016,0.0236
11/24/2016,0.0236
11/25/2016,0.0236
11/26/2016,0.0236
11/27/2016,0.0236
11/28/2016,0.0232
11/29/2016,0.023
11/30/2016,0.0237
12/1/2016,0.0245
12/2/2016,0.024
12/3/2016,0.024
12/4/2016,0.024
12/5/2016,0.0239
12/6/2016,0.0239
12/7/2016,0.0234
12/8/2016,0.024
12/9/2016,0.0247
12/10/2016,0.0247
12/11/2016,0.0247
12/12/2016,0.0249
12/13/2016,0.0248
12/14/2016,0.0254
12/15/2016,0.026
12/16/2016,0.026
12/17/2016,0.026
12/18/2016,0.026
12/19/2016,0.0254
12/20/2016,0.0257
12/21/2016,0.0255
12/22/2016,0.0255
12/23/2016,0.0255
12/24/2016,0.0255
12/25/2016,0.0255
12/26/2016,0.0255
12/27/2016,0.0257
12/28/2016,0.0251
12/29/2016,0.0249
12/30/2016,0.0245
12/31/2016,0.0245
1/1/2017,0.0245
1/2/2017,0.0245
1/3/2017,0.0245
1/4/2017,0.0246
1/5/2017,0.0237
1/6/2017,0.0242
1/7/2017,0.0242
1/8/2017,0.0242
1/9/2017,0.0238
1/10/2017,0.0238
1/11/2017,0.0238
1/12/2017,0.0236
1/13/2017,0.024
1/14/2017,0.024
1/15/2017,0.024
1/16/2017,0.024
1/17/2017,0.0233
1/18/2017,0.0242
1/19/2017,0.0247
1/20/2017,0.0248
1/21/2017,0.0248
1/22/2017,0.0248
1/23/2017,0.0241
1/24/2017,0.0247
1/25/2017,0.0253
1/26/2017,0.0251
1/27/2017,0.0249
1/28/2017,0.0249
1/29/2017,0.0249
1/30/2017,0.0249
1/31/2017,0.0245
2/1/2017,0.0248
2/2/2017,0.0248
2/3/2017,0.0249
2/4/2017,0.0249
2/5/2017,0.0249
2/6/2017,0.0242
2/7/2017,0.024
2/8/2017,0.0234
2/9/2017,0.024
2/10/2017,0.0241
2/11/2017,0.0241
2/12/2017,0.0241
2/13/2017,0.0243
2/14/2017,0.0247
2/15/2017,0.0251
2/16/2017,0.0245
2/17/2017,0.0242
2/18/2017,0.0242
2/19/2017,0.0242
2/20/2017,0.0242
2/21/2017,0.0243
2/22/2017,0.0242
2/23/2017,0.0238
2/24/2017,0.0231
2/25/2017,0.0231
2/26/2017,0.0231
2/27/2017,0.0236
2/28/2017,0.0236
3/1/2017,0.0246
3/2/2017,0.0249
3/3/2017,0.0249
3/4/2017,0.0249
3/5/2017,0.0249
3/6/2017,0.0249
3/7/2017,0.0252
3/8/2017,0.0257
3/9/2017,0.026
3/10/2017,0.0258
3/11/2017,0.0258
3/12/2017,0.0258
3/13/2017,0.0262
3/14/2017,0.026
3/15/2017,0.0251
3/16/2017,0.0253
3/17/2017,0.025
3/18/2017,0.025
3/19/2017,0.025
3/20/2017,0.0247
3/21/2017,0.0243
3/22/2017,0.024
3/23/2017,0.0241
3/24/2017,0.024
3/25/2017,0.024
3/26/2017,0.024
3/27/2017,0.0238
3/28/2017,0.0242
3/29/2017,0.0239
3/30/2017,0.0242
3/31/2017,0.024
4/1/2017,0.024
4/2/2017,0.024
4/3/2017,0.0235
4/4/2017,0.0236
4/5/2017,0.0234
4/6/2017,0.0234
4/7/2017,0.0238
4/8/2017,0.0238
4/9/2017,0.0238
4/10/2017,0.0237
4/11/2017,0.0232
4/12/2017,0.0228
4/13/2017,0.0224
4/14/2017,0.0224
4/15/2017,0.0224
4/16/2017,0.0224
4/17/2017,0.0226
4/18/2017,0.0218
4/19/2017,0.0221
4/20/2017,0.0224
4/21/2017,0.0224
4/22/2017,0.0224
4/23/2017,0.0224
4/24/2017,0.0228
4/25/2017,0.0235
4/26/2017,0.0232
4/27/2017,0.023
4/28/2017,0.0229
4/29/2017,0.0229
4/30/2017,0.0229
5/1/2017,0.0233
5/2/2017,0.0229
5/3/2017,0.0233
5/4/2017,0.0236
5/5/2017,0.0236
5/6/2017,0.0236
5/7/2017,0.0236
5/8/2017,0.0239
5/9/2017,0.0242
5/10/2017,0.0241
5/11/2017,0.0239
5/12/2017,0.0233
5/13/2017,0.0233
5/14/2017,0.0233
5/15/2017,0.0234
5/16/2017,0.0233
5/17/2017,0.0222
5/18/2017,0.0223
5/19/2017,0.0223
5/20/2017,0.0223
5/21/2017,0.0223
5/22/2017,0.0225
5/23/2017,0.0229
5/24/2017,0.0226
5/25/2017,0.0225
5/26/2017,0.0225
5/27/2017,0.0225
5/28/2017,0.0225
5/29/2017,0.0225
5/30/2017,0.0221
5/31/2017,0.0221
6/1/2017,0.0221
6/2/2017,0.0215
6/3/2017,0.0215
6/4/2017,0.0215
6/5/2017,0.0218
6/6/2017,0.0214
6/7/2017,0.0218
6/8/2017,0.0219
6/9/2017,0.0221
6/10/2017,0.0221
6/11/2017,0.0221
6/12/2017,0.0221
6/13/2017,0.0221
6/14/2017,0.0215
6/15/2017,0.0216
6/16/2017,0.0216
6/17/2017,0.0216
6/18/2017,0.0216
6/19/2017,0.0219
6/20/2017,0.0216
6/21/2017,0.0216
6/22/2017,0.0215
6/23/2017,0.0215
6/24/2017,0.0215
6/25/2017,0.0215
6/26/2017,0.0214
6/27/2017,0.0221
6/28/2017,0.0222
6/29/2017,0.0227
6/30/2017,0.0231
7/1/2017,0.0231
7/2/2017,0.0231
7/3/2017,0.0235
7/4/2017,0.0235
7/5/2017,0.0233
7/6/2017,0.0237
7/7/2017,0.0239
7/8/2017,0.0239
7/9/2017,0.0239
7/10/2017,0.0238
7/11/2017,0.0237
7/12/2017,0.0233
7/13/2017,0.0235
7/14/2017,0.0233
7/15/2017,0.0233
7/16/2017,0.0233
7/17/2017,0.0231
7/18/2017,0.0227
7/19/2017,0.0227
7/20/2017,0.0227
7/21/2017,0.0224
7/22/2017,0.0224
7/23/2017,0.0224
7/24/2017,0.0226
7/25/2017,0.0233
7/26/2017,0.0229
7/27/2017,0.0232
7/28/2017,0.023
7/29/2017,0.023
7/30/2017,0.023
7/31/2017,0.023
